{
    "room0_cam0": {
        "matrix": [
            [
                3.554872381727935,
                3.1615403208474526,
                -2482.4199702763926
            ],
            [
                0.1871272554076285,
                10.92459833904532,
                -2207.6826479325164
            ],
            [
                4.0268259021734916e-05,
                0.0069652223508414966,
                1.0
            ]
        ],
        "camera_points": [
            [
                554,
                204
            ],
            [
                1151,
                194
            ],
            [
                1573,
                676
            ],
            [
                122,
                755
            ]
        ],
        "map_points": [
            [
                54,
                51
            ],
            [
                927,
                53
            ],
            [
                909,
                948
            ],
            [
                54,
                968
            ]
        ],
        "point_labels": [
            "Point 1",
            "Point 2",
            "Point 3",
            "Point 4"
        ]
    },
    "room0_cam1": {
        "matrix": [
            [
                4.358460206084397,
                -5.181570233658823,
                -3893.480172301245
            ],
            [
                -0.06071646982677464,
                4.644539237468176,
                -4439.50985686986
            ],
            [
                -0.0005304790604405985,
                -0.01105929989798179,
                1.0
            ]
        ],
        "camera_points": [
            [
                647,
                333
            ],
            [
                1230,
                316
            ],
            [
                85,
                866
            ],
            [
                1811,
                872
            ]
        ],
        "map_points": [
            [
                925,
                969
            ],
            [
                54,
                968
            ],
            [
                929,
                49
            ],
            [
                54,
                52
            ]
        ],
        "point_labels": [
            "Point 1",
            "Point 2",
            "Point 3",
            "Point 4"
        ]
    },
    "room0_cam2": {
        "matrix": [
            [
                0.036979181193294394,
                -1.1457631771582302,
                1143.1088829003593
            ],
            [
                0.737771775310758,
                -0.0067674387571645045,
                -185.20631027173786
            ],
            [
                2.6491199986677627e-05,
                1.845229290468272e-05,
                1.0
            ]
        ],
        "camera_points": [
            [
                320,
                191
            ],
            [
                328,
                959
            ],
            [
                1625,
                205
            ],
            [
                1654,
                1001
            ]
        ],
        "map_points": [
            [
                925,
                49
            ],
            [
                55,
                49
            ],
            [
                925,
                967
            ],
            [
                54,
                968
            ]
        ],
        "point_labels": [
            "Point 1",
            "Point 2",
            "Point 3",
            "Point 4"
        ]
    }
}
