{
    "room0_cam0": {
        "matrix": [
            [
                4.408662993560269,
                3.8653267063350154,
                -3252.1973765522507
            ],
            [
                0.5913788647932926,
                12.41737922435274,
                -3328.923316715703
            ],
            [
                9.967047960350551e-05,
                0.007993604092405763,
                1.0
            ]
        ],
        "camera_points": [
            [
                552,
                255
            ],
            [
                1151,
                225
            ],
            [
                40,
                914
            ],
            [
                1571,
                746
            ]
        ],
        "map_points": [
            [
                54,
                53
            ],
            [
                924,
                50
            ],
            [
                55,
                968
            ],
            [
                921,
                964
            ]
        ],
        "point_labels": [
            "Point 1",
            "Point 2",
            "Point 3",
            "Point 4"
        ]
    },
    "room0_cam1": {
        "matrix": [
            [
                4.913189980391915,
                -5.423804993779266,
                -4666.185884767829
            ],
            [
                -0.3168039475894953,
                4.855285416242671,
                -4510.717435422857
            ],
            [
                -0.0005347878980683791,
                -0.012517442022333194,
                0.9999999999999999
            ]
        ],
        "camera_points": [
            [
                91,
                830
            ],
            [
                1805,
                911
            ],
            [
                676,
                315
            ],
            [
                1251,
                308
            ]
        ],
        "map_points": [
            [
                924,
                54
            ],
            [
                65,
                58
            ],
            [
                924,
                967
            ],
            [
                54,
                968
            ]
        ],
        "point_labels": [
            "Point 1",
            "Point 2",
            "Point 3",
            "Point 4"
        ]
    },
    "room0_cam2": {
        "matrix": [
            [
                0.005909901962888849,
                -0.8259449189035795,
                980.8736485052766
            ],
            [
                0.6622334723580314,
                0.0641883281535579,
                -183.8279088235414
            ],
            [
                -4.272295093107165e-05,
                9.30781290131336e-05,
                1.0
            ]
        ],
        "camera_points": [
            [
                349,
                83
            ],
            [
                261,
                1015
            ],
            [
                1641,
                143
            ],
            [
                1673,
                1015
            ]
        ],
        "map_points": [
            [
                921,
                53
            ],
            [
                133,
                50
            ],
            [
                925,
                967
            ],
            [
                149,
                967
            ]
        ],
        "point_labels": [
            "Point 1",
            "Point 2",
            "Point 3",
            "Point 4"
        ]
    }
}